S No.,sites,link type,target Keyword,Title,target link,live link
1,https://blognow.co.in/admin/login,Guest post,"Heart Centre in gurugram, haryana , Heart care hospital in Haryana , CT scan services in gurugram, Haryana , Cardiology specialists in Gurugram ,Cardiology and Cardiothoracic Care, Best cardiothoracic surgeons in Gurugram",Revolutionizing Heart Health: The Future of Cardiovascular Treatments in 2025,https://maps.app.goo.gl/AzooGh2feSnPB3KC9,https://blognow.co.in/revolutionizing-heart-health-the-future-of-cardiovascular-treatments-in-2025
2,https://curlebrity.mn.co/posts/enhancing-business-efficiency-the-role-of-data-processing-services-companies?utm_source=manual,Guest post,"Heart Centre in gurugram, haryana , Heart care hospital in Haryana , CT scan services in gurugram, Haryana , Cardiology specialists in Gurugram ,Cardiology and Cardiothoracic Care, Best cardiothoracic surgeons in Gurugram",Advances in Cardiothoracic Surgery: What to Expect in 2025 and Beyond,https://maps.app.goo.gl/AzooGh2feSnPB3KC9,https://curlebrity.mn.co/posts/advances-in-cardiothoracic-surgery-what-to-expect-in-2025-and-beyond. 
3,https://www.mindstick.com,Guest post,"Heart Centre in gurugram, haryana , Heart care hospital in Haryana , CT scan services in gurugram, Haryana , Cardiology specialists in Gurugram ,Cardiology and Cardiothoracic Care, Best cardiothoracic surgeons in Gurugram",The Rise of Personalized Cardiology: Tailoring Heart Treatment for Every Patient,https://maps.app.goo.gl/AzooGh2feSnPB3KC9,https://www.mindstick.com/articles/338095/the-rise-of-personalized-cardiology-tailoring-heart-treatment-for-every-patient
4,https://livepositively.com,Guest post,"Heart Centre in gurugram, haryana , Heart care hospital in Haryana , CT scan services in gurugram, Haryana , Cardiology specialists in Gurugram ,Cardiology and Cardiothoracic Care, Best cardiothoracic surgeons in Gurugram",Heart Health in 2025: Cutting-Edge Technologies and Breakthroughs in Cardiology,https://maps.app.goo.gl/AzooGh2feSnPB3KC9,https://drdeepali.livepositively.com/heart-health-in-2025-cutting-edge-technologies-and-breakthroughs-in-cardiology/new=1
5,https://substack.com/@856934,Guest post,"Heart Centre in gurugram, haryana , Heart care hospital in Haryana , CT scan services in gurugram, Haryana , Cardiology specialists in Gurugram ,Cardiology and Cardiothoracic Care, Best cardiothoracic surgeons in Gurugram",The Importance of Early Detection in Preventing Heart Attacks: New Innovations in Cardiology,https://maps.app.goo.gl/AzooGh2feSnPB3KC9,https://856934.substack.com/publish/posts/detail/154544011/share-center
6,https://stck.me/signup,Guest post,"Heart Centre in gurugram, haryana , Heart care hospital in Haryana , CT scan services in gurugram, Haryana , Cardiology specialists in Gurugram ,Cardiology and Cardiothoracic Care, Best cardiothoracic surgeons in Gurugram","The Role of Personalized Medicine in Treating Heart Disease in 2025 at UMANG Heart Hospital, Gurugram",https://maps.app.goo.gl/AzooGh2feSnPB3KC9,https://deepali-bhardwaj.stck.me/post/675095/The-Role-of-Personalized-Medicine-in-Treating-Heart-Disease-in-2025-at-UMANG-Heart-Hospital-Gurugram
7,https://a4everyone.org/,Guest post,"Heart Centre in gurugram, haryana , Heart care hospital in Haryana , CT scan services in gurugram, Haryana , Cardiology specialists in Gurugram ,Cardiology and Cardiothoracic Care, Best cardiothoracic surgeons in Gurugram",Neurotechnologies Transforming Brain Surgery: What’s Next in 2025,https://maps.app.goo.gl/AzooGh2feSnPB3KC9,https://a4everyone.org/neurotechnologies-transforming-brain-surgery/
8,https://medium.com,Guest post,"Heart Centre in gurugram, haryana , Heart care hospital in Haryana , CT scan services in gurugram, Haryana , Cardiology specialists in Gurugram ,Cardiology and Cardiothoracic Care, Best cardiothoracic surgeons in Gurugram",Managing Stroke Recovery: How Neurosurgery is Improving Patient Outcomes,https://maps.app.goo.gl/AzooGh2feSnPB3KC9,https://medium.com/@pratibha0146/managing-stroke-recovery-how-neurosurgery-is-improving-patient-outcomes-0c7c2c6ab136
9,www.patreon.com,Guest post,"Heart Centre in gurugram, haryana , Heart care hospital in Haryana , CT scan services in gurugram, Haryana , Cardiology specialists in Gurugram ,Cardiology and Cardiothoracic Care, Best cardiothoracic surgeons in Gurugram",Personalized Orthopedics: Customizing Joint Implants for Better Outcomes in 2025,https://maps.app.goo.gl/AzooGh2feSnPB3KC9,https://www.patreon.com/posts/personalized-for-122715153
10,http://buymeacoffee.com/,Guest post,"Heart Centre in gurugram, haryana , Heart care hospital in Haryana , CT scan services in gurugram, Haryana , Cardiology specialists in Gurugram ,Cardiology and Cardiothoracic Care, Best cardiothoracic surgeons in Gurugram",Minimally Invasive Spine Surgery: What to Expect in 2025,https://maps.app.goo.gl/AzooGh2feSnPB3KC9,https://buymeacoffee.com/valv12/minimally-invasive-spine-surgery-what-expect-2025
11,http://deviantart.com,Guest post,"best hospital in gurugram,super speciality hospital in gurugram,heart centre in gurugram,cardiology hospital in gurugram,24/7 emergency care hospital in gurugram,Heart care hospital in gurugram",The Future of Knee and Hip Replacements: Minimally Invasive Techniques and Faster Recovery Times,https://maps.app.goo.gl/AzooGh2feSnPB3KC9,https://www.deviantart.com/valvmedia1/journal/The-Future-of-Knee-and-Hip-Replacements-Minimally-1183154484
12,www.justpaste.it,Guest post,"best hospital in gurugram,super speciality hospital in gurugram,heart centre in gurugram,cardiology hospital in gurugram,24/7 emergency care hospital in gurugram,Heart care hospital in gurugram",Preventing Sports Injuries: Top Orthopedic Trends to Watch in 2025,https://maps.app.goo.gl/AzooGh2feSnPB3KC9,https://justpaste.it/ckmrb
13,https://www.livejournal.com/,Guest post,"best hospital in gurugram,super speciality hospital in gurugram,heart centre in gurugram,cardiology hospital in gurugram,24/7 emergency care hospital in gurugram,Heart care hospital in gurugram",Gut Health in 2025: How Microbiome Research is Changing Gastroenterology,https://maps.app.goo.gl/AzooGh2feSnPB3KC9,https://valvmedia.livejournal.com/339.html?newpost=1
14,www.theomnibuzz.com,Guest post,"best hospital in gurugram,super speciality hospital in gurugram,heart centre in gurugram,cardiology hospital in gurugram,24/7 emergency care hospital in gurugram,Heart care hospital in gurugram","The Latest Advances In Inflammatory Bowel Disease (IBD) Treatment: A Look At 2025’S Breakthroughs By UMANG Heart Hospital & Health Centre, Gurugram",https://maps.app.goo.gl/AzooGh2feSnPB3KC9,https://theomnibuzz.com/the-latest-advances-in-inflammatory-bowel-disease--ibd--treatment--a-look-at-2025-s-breakthroughs-by-umang-heart-hospital---health-centre--gurugram
15,http://www.talkmarkets.com,Guest post,"best hospital in gurugram,super speciality hospital in gurugram,heart centre in gurugram,cardiology hospital in gurugram,24/7 emergency care hospital in gurugram,Heart care hospital in gurugram",The Future of Liver Disease Treatment: Breakthroughs in Hepatitis and Cirrhosis Care UMANG Heart Hospital – A Trusted Name in Advanced Liver and Heart Care,https://maps.app.goo.gl/AzooGh2feSnPB3KC9,https://talkmarkets.com/member/valv-media1/blog/healthcare/the-future-of-liver-disease-treatment-breakthroughs-in-hepatitis-and-cirrhosis-careumang-heart-hospital--a-trusted-name-in-advanced-liver-and-heart-care?post=497542
16,www.chatterchat.com,Guest post,"best hospital in gurugram,super speciality hospital in gurugram,heart centre in gurugram,cardiology hospital in gurugram,24/7 emergency care hospital in gurugram,Heart care hospital in gurugram",Advancements in Asthma and COPD Management: Pulmonology’s Top Innovations for 2025,https://maps.app.goo.gl/AzooGh2feSnPB3KC9,https://chatterchat.com/read-blog/94906_advancements-in-asthma-and-copd-management-pulmonology-s-top-innovations-for-202.html
