SERIAL NO.,IMAGE SUBMISSION SITES,SUBMITTED LINK
1,in.pinterest.com,https://in.pinterest.com/pin/947867052826344645/
2,https://www.myspace.com/,https://myspace.com/valv.media/mixes/streammix-743771/photo/373726017
3,https://www.edocr.com/,https://www.edocr.com/v/3omndjoq/pratibha0146/u4#google_vignette
4,https://www.mediafire.com/,https://www.mediafire.com/view/l25v7tco41g98en/u.png/file
5,https://www.imagevenue.com/,https://www.imagevenue.com/ME1AHRHI
6,https://www.dribbble.com/,https://dribbble.com/shots/25906179-Your-health-Our-Priority-Umang-Hospital
7,https://www.dropmark.com/,https://valvmedia.dropmark.com/1907148/36177240
8,https://www.shutterfly.com/,https://photos.shutterfly.com/full/1829581876822138
9,https://www.deviantart.com/,https://www.deviantart.com/valvmedia1/art/1184691847
10,https://www.screencast.com/,https://app.screencast.com/YD7ca63gW4Ztg?conversation=L2lOXvVvyHd39HspzTJStY
11,	justpaste.it,https://justpaste.it/iqbn5
12,https://www.pearltrees.com/,https://www.pearltrees.com/s/image/view/?p=707544654
13,https://www.tripadvisor.in/,https://www.tripadvisor.in/Profile/valvm2025?fid=64674ea1-c897-4166-a88c-376c52c70daa
14,www.addonface.com,https://www.addonface.com/post/477709_https-maps-app-goo-gl-azoogh2fesnpb3kc9-looking-for-trusted-healthcare-solutions.html
15,,https://ekonty.com/posts/248285
16,https://www.tumblr.com/dashboard/stuff_for_you,https://www.tumblr.com/valvmedia/784353818042318848/your-health-our-priority-discover-the-expert?source=share
17,https://www.dropbox.com/,https://www.dropbox.com/preview/Your%20%20health%20Our%20Priority%3A%20Discover%20the%20%20Expert%20Healthcare%20Solutions%20in%20Gurugram%20with%20Umang%20Hospital.png?context=content_suggestions&role=personal
