S.NO,KEYWORDS
1.0,best hospital in gurugram
2.0,super speciality hospital in gurugram
3.0,heart centre in gurugram
4.0,cardiology hospital in gurugram
5.0,24/7 emergency care hospital in gurugram
6.0,Heart care hospital in gurugram 
7.0,Umang Diagnostics
8.0,Diagnostic centre near me
9.0,Umang Diagnostic Centre
10.0,Diagnostic Centre with lowest rates
11.0,Ultrasound at lowest rates
12.0,CT Scan at lowest rates
13.0,Umang Pharmacy
14.0,Pharmacy near me
15.0,Affordable diagnostic tests in Gurugram
16.0,X-ray and CT scan in Gurugram
17.0,24x7 pharmacy in Gurugram
,
,
,
,
,
,
,
,
,
,
,
9.0,SERVICE BASED
10.0,Neurology specialists in Haryana
11.0,"neurosurgery specialists in gurugram, Haryana"
12.0,"Orthopedic Doctor in gurugram, Haryana"
13.0,"joint replacement in Gurugram, Haryana"
14.0,Gastroenterology treatment in Gurugram
15.0,Pulmonology specialists near me
16.0,Pain management services in Gurugram
17.0,"Urology hospital in gurugram, Haryana"
18.0,Urology and nephrology hospital Haryana
19.0,Gynecology treatment in Gurugram
